[
  {
    "shortDescription" : "MobileNet V2, with output labels modified by Wenzheng Du (Quantised to 16 bits)",
    "metadataOutputVersion" : "3.0",
    "outputSchema" : [
      {
        "isOptional" : "0",
        "keyType" : "String",
        "formattedType" : "Dictionary (String → Double)",
        "type" : "Dictionary",
        "name" : "output1",
        "shortDescription" : ""
      },
      {
        "isOptional" : "0",
        "formattedType" : "String",
        "type" : "String",
        "name" : "classLabel",
        "shortDescription" : ""
      }
    ],
    "version" : "",
    "modelParameters" : [

    ],
    "author" : "Keras",
    "specificationVersion" : 2,
    "license" : "",
    "isUpdatable" : "0",
    "availability" : {
      "macOS" : "10.13.2",
      "tvOS" : "11.2",
      "watchOS" : "4.2",
      "iOS" : "11.2",
      "macCatalyst" : "11.2"
    },
    "modelType" : {
      "name" : "MLModelType_neuralNetworkClassifier"
    },
    "inputSchema" : [
      {
        "height" : "224",
        "colorspace" : "RGB",
        "isOptional" : "0",
        "width" : "224",
        "isColor" : "1",
        "formattedType" : "Image (Color 224 × 224)",
        "hasSizeFlexibility" : "0",
        "type" : "Image",
        "shortDescription" : "",
        "name" : "image"
      }
    ],
    "classLabels" : [
      "animal (tench)",
      "animal (goldfish)",
      "animal (great_white_shark)",
      "animal (tiger_shark)",
      "animal (hammerhead)",
      "animal (electric_ray)",
      "animal (stingray)",
      "animal (cock)",
      "animal (hen)",
      "animal (ostrich)",
      "animal (brambling)",
      "animal (goldfinch)",
      "animal (house_finch)",
      "animal (junco)",
      "animal (indigo_bunting)",
      "animal (robin)",
      "animal (bulbul)",
      "animal (jay)",
      "animal (magpie)",
      "animal (chickadee)",
      "animal (water_ouzel)",
      "animal (kite)",
      "animal (bald_eagle)",
      "animal (vulture)",
      "animal (great_grey_owl)",
      "animal (European_fire_salamander)",
      "animal (common_newt)",
      "animal (eft)",
      "animal (spotted_salamander)",
      "animal (axolotl)",
      "animal (bullfrog)",
      "animal (tree_frog)",
      "animal (tailed_frog)",
      "animal (loggerhead)",
      "animal (leatherback_turtle)",
      "animal (mud_turtle)",
      "animal (terrapin)",
      "animal (box_turtle)",
      "animal (banded_gecko)",
      "animal (common_iguana)",
      "animal (American_chameleon)",
      "animal (whiptail)",
      "animal (agama)",
      "animal (frilled_lizard)",
      "animal (alligator_lizard)",
      "animal (Gila_monster)",
      "animal (green_lizard)",
      "animal (African_chameleon)",
      "animal (Komodo_dragon)",
      "animal (African_crocodile)",
      "animal (American_alligator)",
      "animal (triceratops)",
      "animal (thunder_snake)",
      "animal (ringneck_snake)",
      "animal (hognose_snake)",
      "animal (green_snake)",
      "animal (king_snake)",
      "animal (garter_snake)",
      "animal (water_snake)",
      "animal (vine_snake)",
      "animal (night_snake)",
      "animal (boa_constrictor)",
      "animal (rock_python)",
      "animal (Indian_cobra)",
      "animal (green_mamba)",
      "animal (sea_snake)",
      "animal (horned_viper)",
      "animal (diamondback)",
      "animal (sidewinder)",
      "animal (trilobite)",
      "animal (harvestman)",
      "animal (scorpion)",
      "animal (black_and_gold_garden_spider)",
      "animal (barn_spider)",
      "animal (garden_spider)",
      "animal (black_widow)",
      "animal (tarantula)",
      "animal (wolf_spider)",
      "animal (tick)",
      "animal (centipede)",
      "animal (black_grouse)",
      "animal (ptarmigan)",
      "animal (ruffed_grouse)",
      "animal (prairie_chicken)",
      "animal (peacock)",
      "animal (quail)",
      "animal (partridge)",
      "animal (African_grey)",
      "animal (macaw)",
      "animal (sulphur-crested_cockatoo)",
      "animal (lorikeet)",
      "animal (coucal)",
      "animal (bee_eater)",
      "animal (hornbill)",
      "animal (hummingbird)",
      "animal (jacamar)",
      "animal (toucan)",
      "animal (drake)",
      "animal (red-breasted_merganser)",
      "animal (goose)",
      "animal (black_swan)",
      "animal (tusker)",
      "animal (echidna)",
      "animal (platypus)",
      "animal (wallaby)",
      "animal (koala)",
      "animal (wombat)",
      "animal (jellyfish)",
      "animal (sea_anemone)",
      "animal (brain_coral)",
      "animal (flatworm)",
      "animal (nematode)",
      "animal (conch)",
      "animal (snail)",
      "animal (slug)",
      "animal (sea_slug)",
      "animal (chiton)",
      "animal (chambered_nautilus)",
      "animal (Dungeness_crab)",
      "animal (rock_crab)",
      "animal (fiddler_crab)",
      "animal (king_crab)",
      "animal (American_lobster)",
      "animal (spiny_lobster)",
      "animal (crayfish)",
      "animal (hermit_crab)",
      "animal (isopod)",
      "animal (white_stork)",
      "animal (black_stork)",
      "animal (spoonbill)",
      "animal (flamingo)",
      "animal (little_blue_heron)",
      "animal (American_egret)",
      "animal (bittern)",
      "animal (crane)",
      "animal (limpkin)",
      "animal (European_gallinule)",
      "animal (American_coot)",
      "animal (bustard)",
      "animal (ruddy_turnstone)",
      "animal (red-backed_sandpiper)",
      "animal (redshank)",
      "animal (dowitcher)",
      "animal (oystercatcher)",
      "animal (pelican)",
      "animal (king_penguin)",
      "animal (albatross)",
      "animal (grey_whale)",
      "animal (killer_whale)",
      "animal (dugong)",
      "animal (sea_lion)",
      "animal (Chihuahua)",
      "animal (Japanese_spaniel)",
      "animal (Maltese_dog)",
      "animal (Pekinese)",
      "animal (Shih-Tzu)",
      "animal (Blenheim_spaniel)",
      "animal (papillon)",
      "animal (toy_terrier)",
      "animal (Rhodesian_ridgeback)",
      "animal (Afghan_hound)",
      "animal (basset)",
      "animal (beagle)",
      "animal (bloodhound)",
      "animal (bluetick)",
      "animal (black-and-tan_coonhound)",
      "animal (Walker_hound)",
      "animal (English_foxhound)",
      "animal (redbone)",
      "animal (borzoi)",
      "animal (Irish_wolfhound)",
      "animal (Italian_greyhound)",
      "animal (whippet)",
      "animal (Ibizan_hound)",
      "animal (Norwegian_elkhound)",
      "animal (otterhound)",
      "animal (Saluki)",
      "animal (Scottish_deerhound)",
      "animal (Weimaraner)",
      "animal (Staffordshire_bullterrier)",
      "animal (American_Staffordshire_terrier)",
      "animal (Bedlington_terrier)",
      "animal (Border_terrier)",
      "animal (Kerry_blue_terrier)",
      "animal (Irish_terrier)",
      "animal (Norfolk_terrier)",
      "animal (Norwich_terrier)",
      "animal (Yorkshire_terrier)",
      "animal (wire-haired_fox_terrier)",
      "animal (Lakeland_terrier)",
      "animal (Sealyham_terrier)",
      "animal (Airedale)",
      "animal (cairn)",
      "animal (Australian_terrier)",
      "animal (Dandie_Dinmont)",
      "animal (Boston_bull)",
      "animal (miniature_schnauzer)",
      "animal (giant_schnauzer)",
      "animal (standard_schnauzer)",
      "animal (Scotch_terrier)",
      "animal (Tibetan_terrier)",
      "animal (silky_terrier)",
      "animal (soft-coated_wheaten_terrier)",
      "animal (West_Highland_white_terrier)",
      "animal (Lhasa)",
      "animal (flat-coated_retriever)",
      "animal (curly-coated_retriever)",
      "animal (golden_retriever)",
      "animal (Labrador_retriever)",
      "animal (Chesapeake_Bay_retriever)",
      "animal (German_short-haired_pointer)",
      "animal (vizsla)",
      "animal (English_setter)",
      "animal (Irish_setter)",
      "animal (Gordon_setter)",
      "animal (Brittany_spaniel)",
      "animal (clumber)",
      "animal (English_springer)",
      "animal (Welsh_springer_spaniel)",
      "animal (cocker_spaniel)",
      "animal (Sussex_spaniel)",
      "animal (Irish_water_spaniel)",
      "animal (kuvasz)",
      "animal (schipperke)",
      "animal (groenendael)",
      "animal (malinois)",
      "animal (briard)",
      "animal (kelpie)",
      "animal (komondor)",
      "animal (Old_English_sheepdog)",
      "animal (Shetland_sheepdog)",
      "animal (collie)",
      "animal (Border_collie)",
      "animal (Bouvier_des_Flandres)",
      "animal (Rottweiler)",
      "animal (German_shepherd)",
      "animal (Doberman)",
      "animal (miniature_pinscher)",
      "animal (Greater_Swiss_Mountain_dog)",
      "animal (Bernese_mountain_dog)",
      "animal (Appenzeller)",
      "animal (EntleBucher)",
      "animal (boxer)",
      "animal (bull_mastiff)",
      "animal (Tibetan_mastiff)",
      "animal (French_bulldog)",
      "animal (Great_Dane)",
      "animal (Saint_Bernard)",
      "animal (Eskimo_dog)",
      "animal (malamute)",
      "animal (Siberian_husky)",
      "animal (dalmatian)",
      "animal (affenpinscher)",
      "animal (basenji)",
      "animal (pug)",
      "animal (Leonberg)",
      "animal (Newfoundland)",
      "animal (Great_Pyrenees)",
      "animal (Samoyed)",
      "animal (Pomeranian)",
      "animal (chow)",
      "animal (keeshond)",
      "animal (Brabancon_griffon)",
      "animal (Pembroke)",
      "animal (Cardigan)",
      "animal (toy_poodle)",
      "animal (miniature_poodle)",
      "animal (standard_poodle)",
      "animal (Mexican_hairless)",
      "animal (timber_wolf)",
      "animal (white_wolf)",
      "animal (red_wolf)",
      "animal (coyote)",
      "animal (dingo)",
      "animal (dhole)",
      "animal (African_hunting_dog)",
      "animal (hyena)",
      "animal (red_fox)",
      "animal (kit_fox)",
      "animal (Arctic_fox)",
      "animal (grey_fox)",
      "animal (tabby)",
      "animal (tiger_cat)",
      "animal (Persian_cat)",
      "animal (Siamese_cat)",
      "animal (Egyptian_cat)",
      "animal (cougar)",
      "animal (lynx)",
      "animal (leopard)",
      "animal (snow_leopard)",
      "animal (jaguar)",
      "animal (lion)",
      "animal (tiger)",
      "animal (cheetah)",
      "animal (brown_bear)",
      "animal (American_black_bear)",
      "animal (ice_bear)",
      "animal (sloth_bear)",
      "animal (mongoose)",
      "animal (meerkat)",
      "animal (tiger_beetle)",
      "animal (ladybug)",
      "animal (ground_beetle)",
      "animal (long-horned_beetle)",
      "animal (leaf_beetle)",
      "animal (dung_beetle)",
      "animal (rhinoceros_beetle)",
      "animal (weevil)",
      "animal (fly)",
      "animal (bee)",
      "animal (ant)",
      "animal (grasshopper)",
      "animal (cricket)",
      "animal (walking_stick)",
      "animal (cockroach)",
      "animal (mantis)",
      "animal (cicada)",
      "animal (leafhopper)",
      "animal (lacewing)",
      "animal (dragonfly)",
      "animal (damselfly)",
      "animal (admiral)",
      "animal (ringlet)",
      "animal (monarch)",
      "animal (cabbage_butterfly)",
      "animal (sulphur_butterfly)",
      "animal (lycaenid)",
      "animal (starfish)",
      "animal (sea_urchin)",
      "animal (sea_cucumber)",
      "animal (wood_rabbit)",
      "animal (hare)",
      "animal (Angora)",
      "animal (hamster)",
      "animal (porcupine)",
      "animal (fox_squirrel)",
      "animal (marmot)",
      "animal (beaver)",
      "animal (guinea_pig)",
      "animal (sorrel)",
      "animal (zebra)",
      "animal (hog)",
      "animal (wild_boar)",
      "animal (warthog)",
      "animal (hippopotamus)",
      "animal (ox)",
      "animal (water_buffalo)",
      "animal (bison)",
      "animal (ram)",
      "animal (bighorn)",
      "animal (ibex)",
      "animal (hartebeest)",
      "animal (impala)",
      "animal (gazelle)",
      "animal (Arabian_camel)",
      "animal (llama)",
      "animal (weasel)",
      "animal (mink)",
      "animal (polecat)",
      "animal (black-footed_ferret)",
      "animal (otter)",
      "animal (skunk)",
      "animal (badger)",
      "animal (armadillo)",
      "animal (three-toed_sloth)",
      "animal (orangutan)",
      "animal (gorilla)",
      "animal (chimpanzee)",
      "animal (gibbon)",
      "animal (siamang)",
      "animal (guenon)",
      "animal (patas)",
      "animal (baboon)",
      "animal (macaque)",
      "animal (langur)",
      "animal (colobus)",
      "animal (proboscis_monkey)",
      "animal (marmoset)",
      "animal (capuchin)",
      "animal (howler_monkey)",
      "animal (titi)",
      "animal (spider_monkey)",
      "animal (squirrel_monkey)",
      "animal (Madagascar_cat)",
      "animal (indri)",
      "animal (Indian_elephant)",
      "animal (African_elephant)",
      "animal (lesser_panda)",
      "animal (giant_panda)",
      "animal (barracouta)",
      "animal (eel)",
      "animal (coho)",
      "animal (rock_beauty)",
      "animal (anemone_fish)",
      "animal (sturgeon)",
      "animal (gar)",
      "animal (lionfish)",
      "animal (puffer)",
      "tool (abacus)",
      "clothing (abaya)",
      "clothing (academic_gown)",
      "instrument (accordion)",
      "instrument (acoustic_guitar)",
      "other (aircraft_carrier)",
      "other (airliner)",
      "other (airship)",
      "furniture (altar)",
      "car (ambulance)",
      "animal (amphibian)",
      "appliance (analog_clock)",
      "other (apiary)",
      "clothing (apron)",
      "bin (ashcan)",
      "gun (assault_rifle)",
      "bag (backpack)",
      "other (bakery)",
      "sporting_equipment (balance_beam)",
      "balloon (balloon)",
      "pen (ballpoint)",
      "bandaid (Band_Aid)",
      "instrument (banjo)",
      "furniture (bannister)",
      "sporting_equipment (barbell)",
      "furniture (barber_chair)",
      "other (barbershop)",
      "other (barn)",
      "tool (barometer)",
      "barrel (barrel)",
      "other (barrow)",
      "sporting_equipment (baseball)",
      "sporting_equipment (basketball)",
      "instrument (bassinet)",
      "instrument (bassoon)",
      "clothing (bathing_cap)",
      "towel (bath_towel)",
      "bathtub (bathtub)",
      "car (beach_wagon)",
      "other (beacon)",
      "glass (beaker)",
      "other (bearskin)",
      "glass_bottle (beer_bottle)",
      "glass (beer_glass)",
      "other (bell_cote)",
      "clothing (bib)",
      "bike (bicycle-built-for-two)",
      "clothing (bikini)",
      "binder (binder)",
      "tool (binoculars)",
      "other (birdhouse)",
      "other (boathouse)",
      "other (bobsled)",
      "clothing (bolo_tie)",
      "hat (bonnet)",
      "furniture (bookcase)",
      "other (bookshop)",
      "bottlecap (bottlecap)",
      "other (bow)",
      "clothing (bow_tie)",
      "instrument (brass)",
      "clothing (brassiere)",
      "other (breakwater)",
      "other (breastplate)",
      "broom (broom)",
      "bucket (bucket)",
      "buckle (buckle)",
      "other (bulletproof_vest)",
      "other (bullet_train)",
      "other (butcher_shop)",
      "car (cab)",
      "cooking_pot (caldron)",
      "candle (candle)",
      "other (cannon)",
      "other (canoe)",
      "tool (can_opener)",
      "clothing (cardigan)",
      "car (car_mirror)",
      "other (carousel)",
      "other (carpenter's_kit)",
      "carton (carton)",
      "car (car_wheel)",
      "appliance (cash_machine)",
      "cassette (cassette)",
      "electronics (cassette_player)",
      "other (castle)",
      "other (catamaran)",
      "electronics (CD_player)",
      "instrument (cello)",
      "phone (cellular_telephone)",
      "chain (chain)",
      "other (chainlink_fence)",
      "chain (chain_mail)",
      "tool (chain_saw)",
      "furniture (chest)",
      "furniture (chiffonier)",
      "instrument (chime)",
      "furniture (china_cabinet)",
      "clothing (Christmas_stocking)",
      "other (church)",
      "other (cinema)",
      "tool (cleaver)",
      "other (cliff_dwelling)",
      "clothing (cloak)",
      "shoe (clog)",
      "steel_bottle (cocktail_shaker)",
      "cup (coffee_mug)",
      "coffee_pot (coffeepot)",
      "spring (coil)",
      "lock (combination_lock)",
      "computer (computer_keyboard)",
      "food (confectionery)",
      "other (container_ship)",
      "car (convertible)",
      "tool (corkscrew)",
      "instrument (cornet)",
      "shoe (cowboy_boot)",
      "hat (cowboy_hat)",
      "furniture (cradle)",
      "other (crane)",
      "helmet (crash_helmet)",
      "crate (crate)",
      "furniture (crib)",
      "cooking_pot (Crock_Pot)",
      "sporting_equipment (croquet_ball)",
      "tool (crutch)",
      "other (cuirass)",
      "other (dam)",
      "furniture (desk)",
      "computer (desktop_computer)",
      "phone (dial_telephone)",
      "diaper (diaper)",
      "electronics (digital_clock)",
      "electronics (digital_watch)",
      "furniture (dining_table)",
      "dishrag (dishrag)",
      "appliance (dishwasher)",
      "car (disk_brake)",
      "other (dock)",
      "other (dogsled)",
      "other (dome)",
      "doormat (doormat)",
      "other (drilling_platform)",
      "instrument (drum)",
      "instrument (drumstick)",
      "sporting_equipment (dumbbell)",
      "cooking_pot (Dutch_oven)",
      "appliance (electric_fan)",
      "instrument (electric_guitar)",
      "other (electric_locomotive)",
      "electronics (entertainment_center)",
      "book (envelope)",
      "appliance (espresso_maker)",
      "makeup (face_powder)",
      "clothing (feather_boa)",
      "file (file)",
      "other (fireboat)",
      "car (fire_engine)",
      "other (fire_screen)",
      "other (flagpole)",
      "instrument (flute)",
      "furniture (folding_chair)",
      "helmet (football_helmet)",
      "other (forklift)",
      "other (fountain)",
      "pen (fountain_pen)",
      "furniture (four-poster)",
      "car (freight_car)",
      "instrument (French_horn)",
      "frying_pan (frying_pan)",
      "clothing (fur_coat)",
      "car (garbage_truck)",
      "mask (gasmask)",
      "other (gas_pump)",
      "goblet (goblet)",
      "car (go-kart)",
      "sporting_equipment (golf_ball)",
      "car (golfcart)",
      "other (gondola)",
      "instrument (gong)",
      "clothing (gown)",
      "instrument (grand_piano)",
      "other (greenhouse)",
      "grille (grille)",
      "other (grocery_store)",
      "other (guillotine)",
      "hair_slide (hair_slide)",
      "plastic_bottle (hair_spray)",
      "car (half_track)",
      "tool (hammer)",
      "basket (hamper)",
      "appliance (hand_blower)",
      "phone (hand-held_computer)",
      "handkerchief (handkerchief)",
      "electronics (hard_disc)",
      "instrument (harmonica)",
      "instrument (harp)",
      "other (harvester)",
      "tool (hatchet)",
      "other (holster)",
      "other (home_theater)",
      "food (honeycomb)",
      "hook (hook)",
      "clothing (hoopskirt)",
      "sporting_equipment (horizontal_bar)",
      "other (horse_cart)",
      "other (hourglass)",
      "phone (iPod)",
      "iron (iron)",
      "vegetable (jack-o'-lantern)",
      "clothing (jean)",
      "car (jeep)",
      "clothing (jersey)",
      "jigsaw_puzzle (jigsaw_puzzle)",
      "other (jinrikisha)",
      "electronics (joystick)",
      "clothing (kimono)",
      "sporting_equipment (knee_pad)",
      "rope (knot)",
      "clothing (lab_coat)",
      "ladle (ladle)",
      "furniture (lampshade)",
      "computer (laptop)",
      "lawn_mower (lawn_mower)",
      "electronics (lens_cap)",
      "tool (letter_opener)",
      "other (library)",
      "other (lifeboat)",
      "lighter (lighter)",
      "car (limousine)",
      "makeup (liner)",
      "makeup (lipstick)",
      "shoe (Loafer)",
      "plastic_bottle (lotion)",
      "electronics (loudspeaker)",
      "tool (loupe)",
      "other (lumbermill)",
      "tool (magnetic_compass)",
      "bag (mailbag)",
      "other (mailbox)",
      "clothing (maillot)",
      "manhole_cover (manhole_cover)",
      "instrument (maraca)",
      "instrument (marimba)",
      "mask (mask)",
      "matchstick (matchstick)",
      "other (maypole)",
      "other (maze)",
      "measuring_cup (measuring_cup)",
      "instrument (medicine_chest)",
      "other (megalith)",
      "electronics (microphone)",
      "appliance (microwave)",
      "clothing (military_uniform)",
      "milk_can (milk_can)",
      "car (minibus)",
      "clothing (miniskirt)",
      "car (minivan)",
      "other (missile)",
      "clothing (mitten)",
      "mixing_bowl (mixing_bowl)",
      "car (mobile_home)",
      "car (Model_T)",
      "electronics (modem)",
      "other (monastery)",
      "computer (monitor)",
      "bike (moped)",
      "other (mortar)",
      "other (mortarboard)",
      "other (mosque)",
      "furniture (mosquito_net)",
      "bike (motor_scooter)",
      "bike (mountain_bike)",
      "tent (mountain_tent)",
      "electronics (mouse)",
      "mousetrap (mousetrap)",
      "car (moving_van)",
      "other (muzzle)",
      "nail (nail)",
      "other (neck_brace)",
      "necklace (necklace)",
      "water_bottle (nipple)",
      "computer (notebook)",
      "other (obelisk)",
      "instrument (oboe)",
      "instrument (ocarina)",
      "tool (odometer)",
      "metal_can (oil_filter)",
      "instrument (organ)",
      "electronics (oscilloscope)",
      "clothing (overskirt)",
      "other (oxcart)",
      "mask (oxygen_mask)",
      "packet (packet)",
      "sporting_equipment (paddle)",
      "other (paddlewheel)",
      "lock (padlock)",
      "paintbrush (paintbrush)",
      "clothing (pajama)",
      "other (palace)",
      "instrument (panpipe)",
      "tissue (paper_towel)",
      "other (parachute)",
      "sporting_equipment (parallel_bars)",
      "furniture (park_bench)",
      "appliance (parking_meter)",
      "car (passenger_car)",
      "other (patio)",
      "phone (pay-phone)",
      "other (pedestal)",
      "pencil_box (pencil_box)",
      "pencil_sharpener (pencil_sharpener)",
      "glass_bottle (perfume)",
      "petri_dish (Petri_dish)",
      "appliance (photocopier)",
      "tool (pick)",
      "helmet (pickelhaube)",
      "other (picket_fence)",
      "car (pickup)",
      "other (pier)",
      "piggy_bank (piggy_bank)",
      "plastic_bottle (pill_bottle)",
      "pillow (pillow)",
      "sporting_equipment (ping-pong_ball)",
      "paper (pinwheel)",
      "other (pirate)",
      "water_jug (pitcher)",
      "other (plane)",
      "other (planetarium)",
      "plastic_bag (plastic_bag)",
      "plate_rack (plate_rack)",
      "tool (plow)",
      "tool (plunger)",
      "electronics (Polaroid_camera)",
      "other (pole)",
      "car (police_van)",
      "clothing (poncho)",
      "furniture (pool_table)",
      "soda_bottle (pop_bottle)",
      "pot (pot)",
      "appliance (potter's_wheel)",
      "tool (power_drill)",
      "furniture (prayer_rug)",
      "appliance (printer)",
      "other (prison)",
      "other (projectile)",
      "electronics (projector)",
      "sporting_equipment (puck)",
      "sporting_equipment (punching_bag)",
      "bag (purse)",
      "quill (quill)",
      "quilt (quilt)",
      "car (racer)",
      "sporting_equipment (racket)",
      "appliance (radiator)",
      "electronics (radio)",
      "other (radio_telescope)",
      "barrel (rain_barrel)",
      "car (recreational_vehicle)",
      "other (reel)",
      "electronics (reflex_camera)",
      "appliance (refrigerator)",
      "electronics (remote_control)",
      "other (restaurant)",
      "gun (revolver)",
      "gun (rifle)",
      "furniture (rocking_chair)",
      "appliance (rotisserie)",
      "eraser (rubber_eraser)",
      "sporting_equipment (rugby_ball)",
      "ruler (rule)",
      "shoe (running_shoe)",
      "appliance (safe)",
      "pin (safety_pin)",
      "salt_shaker (saltshaker)",
      "shoe (sandal)",
      "clothing (sarong)",
      "instrument (sax)",
      "other (scabbard)",
      "electronics (scale)",
      "car (school_bus)",
      "other (schooner)",
      "electronics (scoreboard)",
      "electronics (screen)",
      "screw (screw)",
      "tool (screwdriver)",
      "car (seat_belt)",
      "appliance (sewing_machine)",
      "other (shield)",
      "other (shoe_shop)",
      "furniture (shoji)",
      "basket (shopping_basket)",
      "other (shopping_cart)",
      "tool (shovel)",
      "clothing (shower_cap)",
      "shower_curtain (shower_curtain)",
      "other (ski)",
      "mask (ski_mask)",
      "other (sleeping_bag)",
      "ruler (slide_rule)",
      "furniture (sliding_door)",
      "other (slot)",
      "other (snorkel)",
      "other (snowmobile)",
      "other (snowplow)",
      "soap_dispenser (soap_dispenser)",
      "sporting_equipment (soccer_ball)",
      "sock (sock)",
      "other (solar_dish)",
      "hat (sombrero)",
      "bowl (soup_bowl)",
      "computer (space_bar)",
      "appliance (space_heater)",
      "other (space_shuttle)",
      "tool (spatula)",
      "other (speedboat)",
      "animal (spider_web)",
      "tool (spindle)",
      "car (sports_car)",
      "furniture (spotlight)",
      "other (stage)",
      "other (steam_locomotive)",
      "other (steel_arch_bridge)",
      "instrument (steel_drum)",
      "tool (stethoscope)",
      "clothing (stole)",
      "other (stone_wall)",
      "electronics (stopwatch)",
      "appliance (stove)",
      "tool (strainer)",
      "car (streetcar)",
      "other (stretcher)",
      "furniture (studio_couch)",
      "other (stupa)",
      "other (submarine)",
      "clothing (suit)",
      "other (sundial)",
      "sunglasses (sunglass)",
      "sunglasses (sunglasses)",
      "plastic_bottle (sunscreen)",
      "other (suspension_bridge)",
      "swab (swab)",
      "clothing (sweatshirt)",
      "clothing (swimming_trunks)",
      "furniture (swing)",
      "switch (switch)",
      "syringe (syringe)",
      "furniture (table_lamp)",
      "other (tank)",
      "electronics (tape_player)",
      "teapot (teapot)",
      "teddy (teddy)",
      "electronics (television)",
      "sporting_equipment (tennis_ball)",
      "plant (thatch)",
      "curtain (theater_curtain)",
      "thimble (thimble)",
      "appliance (thresher)",
      "other (throne)",
      "other (tile_roof)",
      "appliance (toaster)",
      "other (tobacco_shop)",
      "toilet (toilet_seat)",
      "other (torch)",
      "other (totem_pole)",
      "car (tow_truck)",
      "other (toyshop)",
      "other (tractor)",
      "car (trailer_truck)",
      "tray (tray)",
      "clothing (trench_coat)",
      "bike (tricycle)",
      "other (trimaran)",
      "other (tripod)",
      "other (triumphal_arch)",
      "car (trolleybus)",
      "instrument (trombone)",
      "tub (tub)",
      "other (turnstile)",
      "computer (typewriter_keyboard)",
      "umbrella (umbrella)",
      "bike (unicycle)",
      "other (upright)",
      "appliance (vacuum)",
      "vase (vase)",
      "appliance (vault)",
      "clothing (velvet)",
      "appliance (vending_machine)",
      "clothing (vestment)",
      "other (viaduct)",
      "instrument (violin)",
      "sporting_equipment (volleyball)",
      "appliance (waffle_iron)",
      "appliance (wall_clock)",
      "wallet (wallet)",
      "clothing (wardrobe)",
      "other (warplane)",
      "furniture (washbasin)",
      "washer (washer)",
      "water_bottle (water_bottle)",
      "water_jug (water_jug)",
      "other (water_tower)",
      "whiskey_jug (whiskey_jug)",
      "tool (whistle)",
      "other (wig)",
      "furniture (window_screen)",
      "furniture (window_shade)",
      "clothing (Windsor_tie)",
      "glass_bottle (wine_bottle)",
      "other (wing)",
      "frying_pan (wok)",
      "wooden_spoon (wooden_spoon)",
      "clothing (wool)",
      "other (worm_fence)",
      "other (wreck)",
      "clothing (yawl)",
      "other (yurt)",
      "computer (web_site)",
      "book (comic_book)",
      "newspaper (crossword_puzzle)",
      "other (street_sign)",
      "other (traffic_light)",
      "book (book_jacket)",
      "book (menu)",
      "plate (plate)",
      "food (guacamole)",
      "food (consomme)",
      "food (hot_pot)",
      "food (trifle)",
      "food (ice_cream)",
      "food (ice_lolly)",
      "food (French_loaf)",
      "food (bagel)",
      "food (pretzel)",
      "food (cheeseburger)",
      "food (hotdog)",
      "food (mashed_potato)",
      "vegetable (head_cabbage)",
      "vegetable (broccoli)",
      "vegetable (cauliflower)",
      "vegetable (zucchini)",
      "vegetable (spaghetti_squash)",
      "vegetable (acorn_squash)",
      "vegetable (butternut_squash)",
      "vegetable (cucumber)",
      "vegetable (artichoke)",
      "vegetable (bell_pepper)",
      "vegetable (cardoon)",
      "vegetable (mushroom)",
      "fruit (Granny_Smith)",
      "fruit (strawberry)",
      "fruit (orange)",
      "fruit (lemon)",
      "fruit (fig)",
      "fruit (pineapple)",
      "fruit (banana)",
      "fruit (jackfruit)",
      "fruit (custard_apple)",
      "fruit (pomegranate)",
      "plant (hay)",
      "food (carbonara)",
      "food (chocolate_sauce)",
      "food (dough)",
      "food (meat_loaf)",
      "food (pizza)",
      "food (potpie)",
      "food (burrito)",
      "food (red_wine)",
      "food (espresso)",
      "cup (cup)",
      "food (eggnog)",
      "other (alp)",
      "other (bubble)",
      "other (cliff)",
      "other (coral_reef)",
      "other (geyser)",
      "other (lakeside)",
      "other (promontory)",
      "other (sandbar)",
      "other (seashore)",
      "other (valley)",
      "other (volcano)",
      "other (ballplayer)",
      "other (groom)",
      "other (scuba_diver)",
      "plant (rapeseed)",
      "plant (daisy)",
      "plant (yellow_lady's_slipper)",
      "vegetable (corn)",
      "plant (acorn)",
      "other (hip)",
      "plant (buckeye)",
      "fungus (coral_fungus)",
      "fungus (agaric)",
      "fungus (gyromitra)",
      "fungus (stinkhorn)",
      "fungus (earthstar)",
      "fungus (hen-of-the-woods)",
      "fungus (bolete)",
      "other (ear)",
      "tissue (toilet_tissue)"
    ],
    "generatedClassName" : "RecycleNet",
    "userDefinedMetadata" : {
      "com.github.apple.coremltools.version" : "4.1",
      "com.github.apple.coremltools.source" : "keras==2.2.4"
    },
    "neuralNetworkLayerTypeHistogram" : {
      "ActivationLinear" : 70,
      "ActivationReLU" : 35,
      "Softmax" : 1,
      "Add" : 10,
      "PoolingAverage" : 1,
      "UnaryThreshold" : 35,
      "BatchNorm" : 52,
      "Convolution" : 52,
      "InnerProduct" : 1,
      "PaddingConstant" : 5
    },
    "method" : "predict"
  }
]